{"cameraMode":{"drawMode":0,"name":"Shaded","section":"Shading Mode"},"sceneLighting":false,"audioPlay":false,"sceneViewState":{"showFog":false,"showMaterialUpdate":false,"showSkybox":false,"showFlares":false,"showImageEffects":false,"showParticleSystems":false},"in2DMode":false,"pivot":{"x":9.291592597961426,"y":1.5307964086532593,"z":23.346294403076173},"rotation":{"x":-0.1851695328950882,"y":-0.025942686945199968,"z":0.004890198819339275,"w":-0.9823519587516785},"size":10.250553131103516,"orthographic":false}