{"cameraMode":{"drawMode":0,"name":"Shaded","section":"Shading Mode"},"sceneLighting":false,"audioPlay":false,"sceneViewState":{"showFog":false,"showMaterialUpdate":false,"showSkybox":false,"showFlares":false,"showImageEffects":false,"showParticleSystems":false},"in2DMode":false,"pivot":{"x":-14.749401092529297,"y":5.0,"z":-0.0000013113021850585938},"rotation":{"x":-0.221359983086586,"y":0.6767299771308899,"z":-0.2252451330423355,"w":-0.6650571227073669},"size":5.7157673835754398,"orthographic":false}