{"cameraMode":{"drawMode":0,"name":"Shaded","section":"Shading Mode"},"sceneLighting":false,"audioPlay":false,"sceneViewState":{"showFog":false,"showMaterialUpdate":false,"showSkybox":false,"showFlares":false,"showImageEffects":false,"showParticleSystems":false},"in2DMode":false,"pivot":{"x":-103.75027465820313,"y":-182.7550506591797,"z":-0.0028530359268188478},"rotation":{"x":-0.37200087308883669,"y":0.6012332439422607,"z":-0.3717772960662842,"w":-0.6015942096710205},"size":283.96875,"orthographic":false}